rows_per_input,configured_workers,iteration,union_seconds,planner_seconds,assembly_seconds,task_span_seconds,task_occupied_seconds,planned_tasks,finished_tasks,actual_worker_nodes,head_task_count,failed_attempts,output_rows,output_partitions,input_partitions_left,input_partitions_right,allocated_cluster_gib,driver_peak_rss_mib,sampled_union_container_peak_gib,memory_snapshot_count
100000,1,0,14.979183649644256,0.12103381380438805,0.6319236848503351,14.173,14.07,39,39,1,0,0,150000,29,17,22,12,257.9,4.86383056640625,1
100000,1,1,12.209184577688575,0.09186856262385845,0.4740913324058056,11.583,11.483,39,39,1,0,0,150000,29,17,22,12,257.9,4.952442169189453,1
100000,1,2,12.415788728743792,0.0960035715252161,0.4854153282940388,11.798,11.707,39,39,1,0,0,150000,29,17,22,12,257.9,4.993762969970703,2
100000,1,3,12.555341428145766,0.09088773094117641,0.6551911868155003,11.759,11.666,39,39,1,0,0,150000,29,17,22,12,257.9,4.987190246582031,1
100000,2,0,16.134169455617666,0.11184055544435978,0.9807325452566147,14.986,28.071,39,39,2,0,0,150000,29,17,22,16,254.7,5.610073089599609,1
100000,2,1,7.3228022288531065,0.09555177204310894,0.8330296073108912,6.348,12.382,39,39,2,0,0,150000,29,17,22,16,254.7,5.7700042724609375,1
100000,2,2,7.666195411235094,0.12243223935365677,1.4629369992762804,6.032,11.818,39,39,2,0,0,150000,29,17,22,16,254.7,5.77496337890625,1
100000,2,3,6.858315948396921,0.10971382260322571,0.6712233610451221,6.006,11.687,39,39,2,0,0,150000,29,17,22,16,254.7,5.824832916259766,1
100000,4,0,13.71313364058733,0.10544441267848015,2.0230805836617947,11.536,33.977,39,39,4,0,0,150000,29,17,22,24,252.5,7.129917144775391,2
100000,4,1,5.466762367635965,0.22224382683634758,2.1126711796969175,3.089,11.29,39,39,4,0,0,150000,29,17,22,24,252.5,,0
100000,4,2,5.1792551930993795,0.08692337572574615,2.0040597282350063,3.016,11.213,39,39,4,0,0,150000,29,17,22,24,252.5,7.298526763916016,1
100000,4,3,5.638515718281269,0.14028741233050823,1.5587715152651072,3.888,11.229,39,39,4,0,0,150000,29,17,22,24,252.5,,0
100000,8,0,11.445701856166124,0.11740495823323727,1.6109812147915363,9.639,55.417,39,39,8,0,0,150000,29,17,22,40,248.5,9.857170104980469,1
100000,8,1,3.947436237707734,0.2657688371837139,1.7292249724268913,1.909,12.334,39,39,8,0,0,150000,29,17,22,40,248.5,10.06973648071289,1
100000,8,2,3.7644363436847925,0.1454787589609623,1.6286190431565046,1.945,11.922,39,39,8,0,0,150000,29,17,22,40,248.5,,0
100000,8,3,4.299374444410205,0.11508442461490631,2.1231171414256096,2.02,12.042,39,39,8,0,0,150000,29,17,22,40,248.5,10.301738739013672,1
1000000,1,0,272.7083020620048,1.3469112627208233,6.399122936651111,264.889,263.697,374,374,1,0,0,1500000,286,180,186,12,783.6,5.1209716796875,26
1000000,1,1,273.14587665349245,1.2124443277716637,6.1860190108418465,265.689,264.451,374,374,1,0,0,1500000,286,180,186,12,783.6,5.406181335449219,27
1000000,1,2,292.3027646895498,1.3783015571534634,6.8368944730609655,284.027,282.675,374,374,1,0,0,1500000,286,180,186,12,783.6,5.423309326171875,28
1000000,1,3,283.77785792574286,1.376546511426568,6.116142084822059,276.222,274.864,374,374,1,0,0,1500000,286,180,186,12,783.6,5.427921295166016,28
1000000,2,0,174.3385645058006,1.1905035078525543,21.787806760519743,151.25,299.147,374,374,2,0,0,1500000,286,180,186,16,779.5,6.037281036376953,16
1000000,2,1,165.3434019666165,1.1799696665257215,22.906665476039052,141.194,277.947,374,374,2,0,0,1500000,286,180,186,16,779.5,6.319194793701172,15
1000000,2,2,163.70664493367076,1.407106103375554,22.315866632387042,139.889,276.994,374,374,2,0,0,1500000,286,180,186,16,779.5,6.276031494140625,15
1000000,2,3,160.0159506779164,1.2426022961735725,22.11672385595739,136.516,270.679,374,374,2,0,0,1500000,286,180,186,16,779.5,6.3260498046875,15
1000000,4,0,105.42849244177341,1.2756003309041262,22.540182400494814,81.514,305.453,374,374,4,0,0,1500000,286,180,186,24,781.6,7.675468444824219,11
1000000,4,1,97.38643878139555,1.1845988798886538,23.316986672580242,72.811,275.556,374,374,4,0,0,1500000,286,180,186,24,781.6,8.015045166015625,9
1000000,4,2,96.71617070399225,1.3978968504816294,21.94943766668439,73.279,277.985,374,374,4,0,0,1500000,286,180,186,24,781.6,8.00701904296875,10
1000000,4,3,96.6521350517869,1.1911044362932444,21.404054649174213,73.991,276.859,374,374,4,0,0,1500000,286,180,186,24,781.6,7.955127716064453,9
1000000,8,0,68.7321303859353,1.1339620538055897,21.616742976009846,45.751,343.533,374,374,8,0,0,1500000,286,180,186,40,781.5,10.849300384521484,7
1000000,8,1,60.95424202643335,1.4410828724503517,21.15378375723958,38.252,285.965,374,374,8,0,0,1500000,286,180,186,40,781.5,11.125316619873047,6
1000000,8,2,60.003997936844826,1.3554848805069923,20.672709377482533,37.774,282.627,374,374,8,0,0,1500000,286,180,186,40,781.5,11.13919448852539,6
1000000,8,3,58.50370745547116,1.4012179169803858,18.794487925246358,38.227,281.479,374,374,8,0,0,1500000,286,180,186,40,781.5,11.23513412475586,6
